sample,observation_date,utilization_ratio,account_age_months,delinquency_count,customer_type,default_12m
reference,2023-01-05,0.12,72,0,existing,0
reference,2023-01-12,0.31,48,0,existing,0
reference,2023-01-19,0.55,24,1,new,0
reference,2023-01-26,0.82,8,2,new,1
reference,2023-02-04,0.18,66,0,existing,0
reference,2023-02-11,0.43,38,0,existing,0
reference,2023-02-18,0.71,16,1,new,1
reference,2023-02-25,0.64,20,1,new,1
reference,2023-03-06,0.09,84,0,existing,0
reference,2023-03-13,0.36,42,0,existing,0
reference,2023-03-20,0.58,27,0,new,0
reference,2023-03-27,0.88,6,3,new,1
reference,2023-04-03,0.22,60,0,existing,0
reference,2023-04-10,0.47,34,1,existing,0
reference,2023-04-17,0.62,21,1,new,0
reference,2023-04-24,0.79,10,2,new,1
reference,2023-05-05,0.15,76,0,existing,0
reference,2023-05-12,0.39,45,0,existing,0
reference,2023-05-19,,30,1,new,0
reference,2023-05-26,0.91,5,2,new,1
reference,2023-06-02,0.27,56,0,existing,0
reference,2023-06-09,0.49,32,0,existing,0
reference,2023-06-16,0.68,19,1,new,0
reference,2023-06-23,0.84,7,3,new,1
reference,2023-07-07,0.11,80,0,existing,0
reference,2023-07-14,0.34,50,0,existing,0
reference,2023-07-21,0.60,26,1,,0
reference,2023-07-28,0.76,12,2,new,1
reference,2023-08-04,0.20,63,0,existing,0
reference,2023-08-11,0.45,36,0,existing,0
reference,2023-08-18,0.66,22,1,new,0
reference,2023-08-25,0.86,9,2,new,1
current,2024-01-05,0.17,70,0,existing,0
current,2024-01-12,0.41,40,0,existing,0
current,2024-01-19,0.63,23,1,returning,0
current,2024-01-26,0.89,7,3,new,1
current,2024-02-04,0.24,58,0,existing,0
current,2024-02-11,0.46,35,0,returning,0
current,2024-02-18,0.69,18,1,new,0
current,2024-02-25,0.81,11,2,new,1
current,2024-03-06,0.13,78,0,existing,0
current,2024-03-13,0.38,44,0,existing,0
current,2024-03-20,,28,1,returning,0
current,2024-03-27,0.93,4,3,new,1
current,2024-04-03,0.29,54,0,existing,0
current,2024-04-10,0.52,31,1,returning,0
current,2024-04-17,0.72,17,1,new,0
current,2024-04-24,0.87,8,2,new,1
