application_id,sample,application_date,annual_income,employment_length_years,employment_status,housing_status,requested_credit_limit,number_of_credit_cards,credit_card_balance,credit_card_utilization,mortgage_payment,total_loan_balance,auto_loan_payment,deposit_balance,delinquencies_last_3_months,delinquencies_last_6_months,delinquencies_last_12_months,recent_credit_inquiries,months_since_oldest_credit_line,debt_to_income_ratio,bankruptcy_flag,pd90_12m
APP0001,reference,2022-01-03,75125.39,5.9,employed,rent,3505.72,3,2955.03,0.1435,0.0,13508.38,260.4,31433.47,0,0,0,1,224,0.0707,0,0
APP0002,reference,2022-01-04,53044.01,0.9,employed,rent,9534.0,4,3681.52,0.4416,0.0,14087.74,313.18,,0,0,0,0,131,0.1172,0,0
APP0003,reference,2022-01-08,73210.86,5.5,employed,mortgage,15477.06,3,10684.62,0.4691,991.5,115056.95,0.0,2235.65,0,0,0,0,103,0.3572,0,0
APP0004,reference,2022-01-16,57384.17,9.8,employed,rent,3634.05,1,6706.93,0.5022,0.0,12077.21,0.0,21625.96,1,1,1,2,43,0.0553,0,0
APP0005,reference,2022-01-17,25516.66,4.3,employed,rent,2248.84,4,2918.74,0.3053,0.0,4339.96,0.0,2047.86,0,0,0,2,128,0.0506,0,0
APP0006,reference,2022-01-18,39261.72,10.6,employed,mortgage,4467.25,4,3291.23,0.5797,870.27,128659.54,174.85,6404.46,0,0,0,0,63,0.6592,0,0
APP0007,reference,2022-01-20,43633.54,12.6,self_employed,rent,5704.94,2,3858.38,0.4362,0.0,15253.6,269.95,5625.55,0,0,0,0,91,0.1343,0,0
APP0008,reference,2022-01-28,102506.44,3.1,employed,own,12780.2,2,3505.48,0.2623,0.0,33977.68,718.38,17604.69,0,0,0,0,82,0.1262,0,1
APP0009,reference,2022-02-01,100561.49,17.4,contract,rent,18340.85,1,4854.41,0.4094,0.0,22198.15,367.3,15452.83,0,0,0,1,170,0.0795,0,0
APP0010,reference,2022-02-05,110020.21,5.2,employed,mortgage,13898.56,4,19734.85,0.5176,2822.28,339396.48,0.0,17217.94,0,0,0,0,70,0.6578,0,0
APP0011,reference,2022-02-09,104385.02,8.0,self_employed,mortgage,23457.64,0,0.0,0.0,2117.63,239227.48,0.0,2346.42,0,0,0,0,80,0.4635,1,0
APP0012,reference,2022-02-12,51120.02,5.2,self_employed,rent,2203.21,3,5222.87,0.3726,0.0,15310.87,510.37,3461.93,0,0,0,2,102,0.1792,0,0
APP0013,reference,2022-02-22,54677.05,4.2,employed,own,9821.19,3,4358.09,0.4191,0.0,24763.11,546.68,2920.68,0,0,0,1,182,0.1874,0,0
APP0014,reference,2022-03-09,68864.67,4.1,employed,mortgage,4703.76,3,4303.34,0.1939,870.83,85571.32,0.0,5357.65,0,1,1,5,87,0.2898,0,0
APP0015,reference,2022-03-12,70148.08,10.0,employed,rent,10889.69,2,13954.62,0.5287,0.0,14399.17,0.0,,0,0,1,1,66,0.0794,0,0
APP0016,reference,2022-03-29,165127.99,7.0,employed,rent,30077.06,3,13978.92,0.4588,0.0,25860.13,601.76,24463.0,0,0,1,0,103,0.0842,0,1
APP0017,reference,2022-04-08,158584.46,7.5,employed,rent,34726.16,1,3830.6,0.1824,0.0,3976.8,0.0,14347.01,0,0,0,0,91,0.0097,0,0
APP0018,reference,2022-04-11,92099.39,4.0,contract,mortgage,5788.97,4,25045.73,0.7434,1835.1,231813.06,0.0,12375.91,0,0,0,1,60,0.5623,0,1
APP0019,reference,2022-04-26,66581.18,8.5,employed,own,3666.91,2,1077.34,0.0633,0.0,5159.16,223.92,6732.72,0,0,0,4,46,0.0526,0,0
APP0020,reference,2022-05-20,49797.19,5.3,employed,rent,3800.16,3,4716.54,0.4348,0.0,20087.85,241.69,23627.53,0,0,1,0,73,0.1254,0,0
APP0021,reference,2022-05-25,151854.67,4.5,employed,mortgage,32802.98,4,17508.42,0.3529,2073.81,302087.33,0.0,31570.08,0,0,0,0,60,0.3894,0,0
APP0022,reference,2022-06-03,83849.5,1.5,self_employed,mortgage,11959.05,2,9897.89,0.3859,1806.63,175498.55,0.0,18452.83,0,0,0,0,88,0.4949,0,1
APP0023,reference,2022-06-16,116416.29,7.3,employed,mortgage,8735.83,2,4139.64,0.4193,1316.96,150432.91,767.55,11530.62,0,0,0,0,277,0.3496,0,0
APP0024,reference,2022-06-18,47015.45,7.5,employed,own,10502.72,3,6636.41,0.5638,0.0,10771.11,0.0,4259.83,0,0,0,0,329,0.0643,0,0
APP0025,reference,2022-06-24,83761.4,17.4,employed,rent,17221.75,2,6172.36,0.7187,0.0,34624.52,474.26,6392.1,0,0,0,7,89,0.1297,0,0
APP0026,reference,2022-06-25,102881.9,6.4,employed,mortgage,17604.52,2,11969.28,0.4708,2419.2,269825.19,878.77,67764.44,0,0,0,1,168,0.6713,0,0
APP0027,reference,2022-06-26,66220.52,6.2,contract,mortgage,2983.5,2,2689.13,0.127,841.54,120863.95,0.0,11008.83,1,1,1,0,103,0.3399,0,0
APP0028,reference,2022-06-28,50206.68,5.9,self_employed,rent,8166.7,2,7988.62,0.4803,0.0,25807.15,331.7,2750.38,0,0,1,1,19,0.1764,0,0
APP0029,reference,2022-06-30,52054.85,3.4,employed,rent,3320.83,3,701.4,0.1019,0.0,10172.35,512.04,6058.36,0,0,0,0,162,0.1408,0,0
APP0030,reference,2022-06-30,89254.55,11.8,employed,mortgage,10307.27,5,8943.56,0.3999,1926.3,249908.71,467.68,37124.42,0,0,0,1,98,0.6207,0,0
APP0031,reference,2022-07-05,138670.3,9.8,self_employed,mortgage,6104.38,3,8198.86,0.2829,1710.49,136114.28,0.0,7032.1,0,0,0,1,72,0.26,0,1
APP0032,reference,2022-07-14,78062.22,2.5,self_employed,rent,17196.96,3,10881.48,0.6477,0.0,12932.8,0.0,22534.45,0,0,0,0,52,0.0577,0,0
APP0033,reference,2022-07-15,53898.45,4.2,employed,rent,3182.71,4,6310.16,0.5431,0.0,12856.04,254.14,19116.96,0,0,0,1,138,0.1146,0,0
APP0034,reference,2022-07-16,104390.45,15.3,self_employed,rent,14084.14,1,2252.27,0.1074,0.0,3126.55,0.0,19280.66,0,1,1,1,87,0.0093,0,0
APP0035,reference,2022-07-27,38244.64,7.1,self_employed,rent,7459.48,2,3222.87,0.8325,0.0,10878.76,234.2,4792.92,0,0,0,3,83,0.1261,0,0
APP0036,reference,2022-08-02,71678.76,4.0,employed,rent,9078.83,1,3706.75,0.3877,0.0,19799.96,510.2,10366.99,0,0,0,1,87,0.1274,0,0
APP0037,reference,2022-08-05,63372.66,10.0,self_employed,mortgage,10958.17,4,2653.62,0.1559,963.94,131434.45,377.22,9486.09,1,1,1,2,65,0.4656,0,0
APP0038,reference,2022-08-16,81515.52,6.1,employed,own,6151.99,2,4203.16,0.4424,0.0,32018.84,756.16,2807.11,0,0,0,1,75,0.1645,0,0
APP0039,reference,2022-09-02,43997.05,7.0,employed,rent,8492.3,1,13199.9,0.8356,0.0,14136.5,0.0,5752.11,0,0,0,2,12,0.1209,0,1
APP0040,reference,2022-09-23,139968.96,3.3,contract,rent,17211.06,1,6866.35,0.4986,0.0,9385.26,0.0,5954.23,0,0,0,1,89,0.0212,0,0
APP0041,reference,2022-09-25,65932.9,7.1,employed,mortgage,7297.84,4,5731.81,0.5749,1349.5,236612.18,316.42,4734.93,1,1,1,1,133,0.6738,0,0
APP0042,reference,2022-09-28,62183.47,4.8,employed,mortgage,4616.6,1,4755.59,0.2891,1592.34,164327.17,575.31,17660.68,0,0,0,3,132,0.6949,0,0
APP0043,reference,2022-10-02,146008.07,2.4,employed,own,12703.43,5,34204.7,0.673,0.0,49887.83,576.43,39540.38,0,0,0,1,36,0.1505,0,0
APP0044,reference,2022-10-09,71659.45,6.9,employed,rent,3195.04,2,16250.06,0.7149,0.0,18862.11,0.0,7932.5,0,0,0,0,108,0.0933,0,0
APP0045,reference,2022-10-28,92768.88,3.2,self_employed,rent,13811.96,2,5626.79,0.3349,0.0,22483.74,916.08,10466.82,0,0,0,0,82,0.16,0,0
APP0046,reference,2022-11-01,93399.8,6.0,employed,own,16006.72,1,14394.04,0.4906,0.0,16312.38,0.0,10782.59,0,0,0,0,109,0.063,0,0
APP0047,reference,2022-11-04,33363.87,18.1,employed,mortgage,6015.59,2,4247.43,0.65,377.41,68650.7,239.41,1424.57,0,0,0,1,144,0.4576,0,0
APP0048,reference,2022-11-12,27261.97,9.1,employed,rent,1418.23,0,0.0,0.0,0.0,2736.95,0.0,7435.8,0,0,0,0,73,0.0096,0,0
APP0049,reference,2022-11-22,64633.3,3.3,employed,own,13584.95,2,1299.99,0.131,0.0,28352.34,590.34,3695.03,0,0,0,0,85,0.1578,0,0
APP0050,reference,2022-11-25,93660.7,10.1,employed,rent,10126.61,1,3045.89,0.3103,0.0,9626.11,0.0,3155.62,1,1,1,3,66,0.0196,0,0
APP0051,reference,2022-12-03,68641.92,11.5,self_employed,mortgage,14209.19,3,3509.89,0.562,1676.51,140817.08,261.0,2515.47,1,1,2,1,135,0.551,0,0
APP0052,reference,2022-12-15,186007.85,4.4,employed,rent,35000.0,1,1182.49,0.0189,0.0,16339.45,953.57,26650.56,0,0,0,2,24,0.0719,0,0
APP0053,reference,2022-12-18,100347.49,10.6,employed,mortgage,22589.23,1,14529.01,0.7216,1155.08,176074.94,693.74,7913.16,0,0,0,0,157,0.433,0,0
APP0054,reference,2022-12-28,69466.04,6.7,contract,rent,12492.02,3,4516.9,0.7431,0.0,9954.12,402.21,6688.83,0,0,0,0,17,0.1027,0,0
APP0055,reference,2023-01-12,53101.1,8.6,employed,mortgage,12151.04,1,4641.54,0.5196,990.69,186617.34,406.86,1776.66,1,1,1,1,65,0.6794,0,0
APP0056,reference,2023-01-16,132220.3,17.6,employed,rent,9247.83,4,27525.34,0.5903,0.0,28714.56,0.0,2063.42,0,0,0,3,75,0.0833,0,0
APP0057,reference,2023-01-19,71206.81,17.5,employed,mortgage,15018.55,3,10607.28,0.7747,1171.66,190506.69,0.0,19507.58,0,0,0,1,81,0.499,0,0
APP0058,reference,2023-01-20,86245.83,8.1,employed,rent,6786.94,1,9577.84,0.5584,0.0,13915.59,0.0,6515.0,0,0,0,0,89,0.0488,0,0
APP0059,reference,2023-01-25,89417.33,9.6,employed,mortgage,14079.27,4,1959.73,0.0731,1730.06,271841.04,0.0,3993.7,0,0,0,0,94,0.5306,0,0
APP0060,reference,2023-01-29,260000.0,9.6,self_employed,rent,24600.36,4,28730.6,0.636,0.0,30644.41,0.0,106195.95,0,0,0,4,42,0.0445,0,0
APP0061,reference,2023-01-30,35466.71,7.3,employed,rent,6747.79,0,0.0,0.0,0.0,4599.05,292.97,3570.78,0,1,1,1,120,0.1116,0,0
APP0062,reference,2023-01-31,143118.13,8.6,employed,rent,9046.9,1,37986.33,0.7399,0.0,40002.39,0.0,35272.29,0,0,0,1,74,0.1065,0,0
APP0063,reference,2023-02-13,86975.99,5.7,employed,mortgage,16430.04,4,16339.33,0.6301,1614.37,193695.24,0.0,3571.54,0,0,0,1,118,0.4929,0,0
APP0064,reference,2023-02-15,78660.89,8.4,self_employed,own,14048.35,0,0.0,0.0,0.0,666.57,0.0,9501.92,0,1,1,3,64,0.0008,0,0
APP0065,reference,2023-02-19,58592.58,5.2,employed,rent,4092.09,4,10331.21,0.4641,0.0,27114.4,358.96,9397.74,0,0,1,3,108,0.1708,0,0
APP0066,reference,2023-02-28,42494.64,9.8,self_employed,rent,2816.76,1,2723.95,0.3183,0.0,5418.65,0.0,3403.75,0,0,0,0,187,0.0315,0,0
APP0067,reference,2023-03-28,80817.2,5.3,employed,mortgage,8738.08,2,13199.97,0.492,1949.56,279535.45,0.0,5826.72,1,1,1,5,73,0.6705,0,1
APP0068,reference,2023-04-19,128974.85,15.8,employed,mortgage,21931.19,7,10688.0,0.7037,1558.42,249286.31,0.0,,0,1,1,2,160,0.3554,1,0
APP0069,reference,2023-04-19,105944.68,13.8,self_employed,rent,7996.79,4,2263.47,0.0616,0.0,39364.96,842.36,7641.05,0,0,0,2,42,0.1375,0,1
APP0070,reference,2023-04-26,90710.66,5.6,self_employed,mortgage,15594.07,3,3209.42,0.2998,2053.18,369936.12,402.55,3952.23,1,1,1,2,130,0.727,0,0
APP0071,reference,2023-05-19,108740.3,7.3,employed,own,7707.32,1,14998.14,0.3974,0.0,63260.38,1038.82,20398.89,1,1,1,1,72,0.2119,0,0
APP0072,reference,2023-05-27,51531.09,7.3,employed,mortgage,7544.91,3,6147.19,0.8331,1298.97,170302.2,471.89,14689.33,0,0,0,1,74,0.7654,0,0
APP0073,reference,2023-06-07,73500.39,4.7,contract,mortgage,10650.5,0,0.0,0.0,1131.3,202722.36,636.6,21876.28,0,0,0,1,135,0.5534,0,0
APP0074,reference,2023-06-09,52758.2,0.3,employed,mortgage,9220.16,0,0.0,0.0,918.52,157221.46,251.9,4650.63,0,0,0,1,110,0.5523,0,0
APP0075,reference,2023-06-12,67842.52,3.8,contract,own,12525.75,2,4614.33,0.3293,0.0,16849.32,0.0,6914.39,0,0,0,1,115,0.0442,0,0
APP0076,reference,2023-06-29,50372.75,3.1,employed,mortgage,7009.89,1,5024.15,0.5594,1009.8,179990.83,0.0,2700.0,0,0,0,1,142,0.6135,0,0
APP0077,reference,2023-07-21,153027.39,9.2,employed,rent,10027.51,2,9098.56,0.6205,0.0,31711.62,617.05,40277.32,0,0,0,0,45,0.0861,0,0
APP0078,reference,2023-07-23,126086.11,11.9,employed,rent,8638.77,1,5150.76,0.3144,0.0,33885.85,740.73,15574.83,0,0,0,1,65,0.1086,0,0
APP0079,reference,2023-07-25,60228.85,15.7,employed,rent,4237.47,3,11546.82,0.5254,0.0,33093.09,486.73,5185.87,0,0,0,1,13,0.2072,0,1
APP0080,reference,2023-07-31,76391.09,4.9,employed,own,11992.87,2,3058.9,0.3123,0.0,3078.35,0.0,13790.01,0,0,0,2,240,0.0159,0,0
APP0081,reference,2023-08-02,,0.2,employed,rent,14376.36,0,0.0,0.0,0.0,19906.79,582.05,5539.59,0,0,0,1,151,0.1123,0,0
APP0082,reference,2023-08-04,71283.71,14.3,employed,mortgage,15803.0,1,5539.06,0.3394,1490.85,288266.73,515.7,9535.38,0,0,0,2,132,0.7493,0,0
APP0083,reference,2023-08-08,45369.37,10.4,employed,mortgage,8958.99,1,7448.73,0.6444,980.69,186166.68,284.22,2271.56,0,0,0,0,189,0.7777,0,0
APP0084,reference,2023-08-19,51672.76,7.4,employed,mortgage,5976.74,1,1352.03,0.3186,1143.31,188916.5,0.0,2305.72,0,1,1,1,118,0.6243,0,0
APP0085,reference,2023-08-28,61227.49,5.0,self_employed,mortgage,7314.39,2,2848.76,0.2231,1049.03,94600.43,349.52,21664.34,0,0,0,3,131,0.4364,0,0
APP0086,reference,2023-09-09,76562.67,6.3,employed,rent,12282.65,1,2531.57,0.3257,0.0,4162.26,0.0,51122.26,0,0,0,1,83,0.0151,0,0
APP0087,reference,2023-09-11,92461.14,10.5,employed,mortgage,14060.44,1,930.97,0.0958,1043.25,187117.86,859.09,1592.45,0,0,0,4,101,0.4442,0,0
APP0088,reference,2023-10-04,47309.62,8.9,contract,rent,6151.16,2,2011.0,0.2259,0.0,10000.17,418.17,11613.23,0,0,0,2,76,0.1391,0,0
APP0089,reference,2023-10-07,81608.27,5.2,employed,mortgage,8779.21,3,1855.02,0.2578,1072.93,125079.42,0.0,1980.89,0,0,1,3,139,0.3117,0,0
APP0090,reference,2023-11-02,91709.71,5.1,self_employed,own,18065.62,0,0.0,0.0,0.0,891.79,0.0,22783.0,0,0,0,4,136,0.0009,0,0
APP0091,reference,2023-11-10,66725.59,22.1,self_employed,rent,6811.35,1,7189.98,0.4281,0.0,14931.18,286.77,11196.79,2,2,2,0,87,0.1054,0,0
APP0092,reference,2023-11-13,79085.91,3.0,employed,rent,4745.81,5,1583.35,0.065,0.0,36180.78,768.6,3727.89,0,0,0,0,107,0.1665,0,0
APP0093,reference,2023-11-14,104019.92,4.6,self_employed,own,7006.75,3,4271.17,0.4198,0.0,37676.38,794.15,5731.88,0,0,1,2,71,0.1387,0,0
APP0094,reference,2023-11-16,63540.57,1.2,employed,rent,10218.4,2,1488.06,0.1232,0.0,18160.35,371.52,21035.97,1,1,1,2,16,0.1046,0,0
APP0095,reference,2023-11-16,,2.3,self_employed,rent,21532.33,3,17571.22,0.4785,0.0,25910.19,481.04,5576.16,0,0,0,5,156,0.1199,0,0
APP0096,reference,2023-11-25,108062.07,5.4,self_employed,own,18096.21,5,7875.24,0.3126,0.0,29223.36,384.73,15686.44,0,0,0,1,102,0.0905,0,0
APP0097,reference,2023-11-27,98163.9,10.8,employed,rent,12836.27,5,1883.24,0.1451,0.0,13959.14,680.86,4176.36,0,1,1,1,152,0.1026,0,0
APP0098,reference,2023-11-29,41599.09,6.5,contract,rent,4467.3,4,4322.49,0.305,0.0,7828.1,0.0,1858.07,0,0,0,0,45,0.0492,0,0
APP0099,reference,2023-12-05,66907.45,5.1,employed,mortgage,15110.31,0,0.0,0.0,1713.78,187436.72,536.26,45320.18,0,0,0,1,166,0.6725,0,0
APP0100,reference,2023-12-07,43478.48,4.4,employed,mortgage,5455.23,4,6066.98,0.4792,861.38,121452.68,387.38,12983.42,0,0,0,3,67,0.6547,0,0
APP0101,reference,2023-12-19,64104.64,3.1,self_employed,mortgage,10563.24,2,5439.62,0.3749,1621.99,135477.55,280.04,3625.39,0,0,0,1,67,0.5844,0,0
APP0102,reference,2023-12-25,117247.5,10.5,employed,rent,18421.2,1,25191.38,0.7561,0.0,48392.4,1124.57,30272.34,0,0,0,5,165,0.2192,1,1
APP0103,reference,2023-12-27,58476.12,9.1,employed,own,6128.03,1,12435.65,0.5844,0.0,12480.48,0.0,3628.15,0,0,0,0,110,0.0843,0,0
APP0104,reference,2024-01-08,70037.9,14.5,employed,rent,13616.23,3,4338.59,0.4637,0.0,23283.76,416.37,2549.53,0,0,0,0,30,0.1218,0,0
APP0105,reference,2024-01-10,,6.5,employed,rent,10175.09,3,11769.04,0.6906,0.0,58244.64,972.73,28161.63,0,0,0,0,32,0.1666,0,1
APP0106,reference,2024-01-16,63634.35,3.0,employed,mortgage,7241.42,0,0.0,0.0,869.58,74114.42,0.0,1321.31,0,0,0,0,136,0.2758,0,0
APP0107,reference,2024-01-23,126635.26,3.8,employed,rent,7111.75,4,6639.97,0.3917,0.0,11667.38,0.0,14020.78,0,1,1,1,61,0.0246,0,0
APP0108,reference,2024-01-30,174159.81,21.5,employed,own,27426.76,2,3257.09,0.1102,0.0,70683.89,1593.37,27604.06,0,0,0,2,138,0.1544,0,0
APP0109,reference,2024-02-02,51306.43,7.3,employed,mortgage,10746.21,2,3346.01,0.3447,624.67,88142.39,0.0,18968.78,0,0,0,0,128,0.3306,0,0
APP0110,reference,2024-02-05,68105.92,7.1,employed,rent,9970.97,2,11526.38,0.5959,0.0,12331.09,0.0,2730.56,0,0,0,1,61,0.0682,0,0
APP0111,reference,2024-02-07,59779.12,6.7,self_employed,rent,12493.76,3,5724.73,0.3681,0.0,11297.78,304.75,1356.61,0,0,0,0,202,0.108,0,1
APP0112,reference,2024-02-21,27395.86,3.5,employed,rent,2333.67,5,64.76,0.0172,0.0,6280.71,150.24,1263.17,0,0,0,3,165,0.0885,1,0
APP0113,reference,2024-02-29,92975.45,11.7,employed,own,14566.52,2,1473.42,0.1464,0.0,4554.82,0.0,2763.19,1,1,2,0,83,0.0095,0,0
APP0114,reference,2024-03-03,25043.24,3.1,self_employed,rent,1360.14,2,4712.49,0.5283,0.0,5634.86,0.0,8803.96,0,0,0,1,175,0.0781,0,1
APP0115,reference,2024-03-16,56792.12,7.3,employed,mortgage,6795.37,0,0.0,0.0,1084.49,202750.67,370.01,4025.74,0,0,0,0,36,0.6501,0,1
APP0116,reference,2024-03-22,52971.53,4.2,employed,rent,6709.17,2,847.87,0.0433,0.0,13750.93,448.09,2285.53,0,0,0,1,22,0.1312,1,0
APP0117,reference,2024-03-26,89943.09,9.8,self_employed,mortgage,19566.03,0,0.0,0.0,1573.32,301744.29,502.12,3844.81,0,0,0,2,81,0.599,0,0
APP0118,reference,2024-04-12,75960.08,12.1,self_employed,rent,17473.97,3,6188.41,0.2277,0.0,20369.71,417.13,33564.13,0,0,0,1,122,0.1161,0,0
APP0119,reference,2024-04-13,143788.93,11.3,employed,mortgage,11893.26,4,10430.64,0.7181,2409.87,361444.04,780.47,,0,0,0,0,36,0.5293,0,0
APP0120,reference,2024-04-23,64836.7,12.3,employed,mortgage,12538.49,1,3508.87,0.2936,1096.51,100692.01,0.0,11438.48,0,0,0,1,109,0.3683,0,0
APP0121,current,2024-04-27,48142.32,8.6,employed,rent,2937.86,3,929.41,0.1593,0.0,3976.66,0.0,2009.65,0,0,0,0,101,0.0137,0,0
APP0122,current,2024-04-28,37547.68,10.5,employed,mortgage,3634.38,0,0.0,0.0,459.49,54710.71,0.0,16826.84,0,0,0,1,112,0.2867,0,0
APP0123,current,2024-05-02,34786.53,1.7,employed,own,4330.36,4,6473.66,0.6669,0.0,12433.35,0.0,2769.42,0,0,0,2,205,0.0901,0,0
APP0124,current,2024-05-04,30913.63,4.3,employed,own,5304.85,3,3499.09,0.3262,0.0,11856.97,154.18,3435.64,0,0,0,2,222,0.1306,0,0
APP0125,current,2024-05-12,83286.43,5.9,self_employed,mortgage,18644.91,5,14107.95,0.7569,2119.49,192891.2,365.95,14748.34,0,0,0,1,65,0.6313,0,0
APP0126,current,2024-05-13,109559.64,6.4,employed,mortgage,13090.92,3,14003.92,0.503,1641.12,333700.22,1051.09,12149.17,0,0,1,2,279,0.6256,0,0
APP0127,current,2024-05-22,49803.24,2.9,employed,mortgage,5654.01,3,8226.17,0.6128,1089.58,129583.57,182.41,1134.23,0,0,1,4,37,0.6058,0,1
APP0128,current,2024-06-07,52882.54,6.2,contract,rent,3370.22,3,3206.83,0.3026,0.0,9501.96,353.99,5582.42,0,0,0,0,242,0.1158,0,0
APP0129,current,2024-06-12,153034.94,12.2,employed,mortgage,16625.59,4,8319.78,0.2768,2475.68,297377.63,772.89,17735.07,0,0,0,2,116,0.4576,0,0
APP0130,current,2024-06-16,51399.26,4.4,self_employed,rent,10985.49,4,9789.59,0.6,0.0,23076.0,287.86,13940.32,0,0,0,1,52,0.1674,0,0
APP0131,current,2024-06-18,31339.63,10.9,self_employed,mortgage,2208.65,2,3872.23,0.7438,419.61,49166.85,200.94,3032.83,0,0,0,1,75,0.4253,0,1
APP0132,current,2024-06-19,67919.66,15.9,employed,mortgage,11855.54,1,7322.74,0.3877,1214.57,114528.13,0.0,19261.05,0,0,0,0,56,0.4088,0,0
APP0133,current,2024-06-21,131396.84,3.8,employed,rent,21711.21,2,11516.27,0.4934,0.0,18045.62,0.0,11180.12,0,0,0,3,253,0.0395,0,0
APP0134,current,2024-06-25,92497.58,5.1,employed,rent,8345.84,1,14622.83,0.5813,0.0,16342.01,0.0,32279.73,0,0,0,1,52,0.0644,0,0
APP0135,current,2024-07-04,77794.83,9.5,employed,mortgage,12576.08,3,904.87,0.0451,1117.93,115241.17,638.07,9385.92,0,0,0,2,59,0.4166,0,0
APP0136,current,2024-07-20,60947.26,9.2,self_employed,own,12253.47,6,2745.83,0.2916,0.0,3758.12,0.0,,0,0,0,2,98,0.0194,0,0
APP0137,current,2024-07-30,40859.88,9.4,employed,own,6710.12,6,1600.41,0.2569,0.0,18489.82,371.42,8059.34,0,0,1,1,106,0.1643,0,0
APP0138,current,2024-07-30,107738.91,10.1,employed,mortgage,20413.76,2,9766.77,0.2969,1421.51,206039.28,0.0,3980.0,0,0,0,3,74,0.3691,0,0
APP0139,current,2024-08-01,124163.82,2.6,employed,rent,27894.07,1,18090.87,0.4716,0.0,37788.16,1127.5,11699.86,0,0,0,0,47,0.1819,0,0
APP0140,current,2024-08-05,148739.47,7.4,employed,mortgage,6850.16,2,16297.6,0.3533,2936.25,378542.16,0.0,6819.39,1,1,2,0,27,0.5141,0,0
APP0141,current,2024-08-09,66310.68,8.1,employed,rent,8257.12,4,2619.41,0.1789,0.0,22047.78,561.58,2508.89,0,0,0,0,49,0.1454,0,0
APP0142,current,2024-08-18,76492.94,1.4,self_employed,rent,6778.76,2,4485.63,0.303,0.0,17294.32,735.79,5123.84,0,0,0,2,115,0.1547,0,0
APP0143,current,2024-08-23,47075.09,7.5,employed,own,7601.63,5,4154.78,0.5201,0.0,12494.66,238.65,3844.86,0,0,0,0,117,0.1128,0,0
APP0144,current,2024-09-07,64271.62,5.4,employed,rent,14612.97,5,7454.71,0.6084,0.0,24663.14,521.65,15289.69,0,0,0,1,22,0.169,0,0
APP0145,current,2024-09-09,113372.92,4.4,employed,rent,12047.53,2,6732.99,0.1884,0.0,11416.8,0.0,25513.62,0,0,0,1,158,0.0275,0,0
APP0146,current,2024-09-13,30686.41,4.2,employed,mortgage,1766.01,3,2262.27,0.4813,689.2,86179.11,0.0,7685.78,0,0,0,0,42,0.5612,0,0
APP0147,current,2024-09-23,90613.27,20.7,employed,own,4970.74,3,12902.4,0.7288,0.0,13913.25,0.0,5151.78,0,0,0,1,102,0.0575,0,1
APP0148,current,2024-09-28,51714.4,4.6,employed,rent,4821.94,3,3297.05,0.2964,0.0,3427.62,0.0,5341.14,0,1,1,2,135,0.0255,0,0
APP0149,current,2024-10-01,94774.73,13.6,self_employed,rent,9530.08,3,12528.12,0.4431,0.0,34306.74,476.86,6952.93,0,0,0,1,150,0.1348,0,0
APP0150,current,2024-10-08,62956.65,21.2,employed,mortgage,11862.41,5,1696.7,0.3087,928.11,169455.4,309.06,4565.12,1,1,1,4,114,0.5023,0,0
APP0151,current,2024-10-20,182619.41,7.2,self_employed,mortgage,10499.94,1,11314.84,0.2156,3819.0,502863.54,1605.89,16146.69,0,0,1,0,100,0.6394,0,0
APP0152,current,2024-10-31,134964.5,10.6,employed,rent,26710.48,3,6064.49,0.3851,0.0,9469.92,0.0,2626.29,1,1,1,2,204,0.0202,0,1
APP0153,current,2024-11-17,49476.07,5.7,employed,mortgage,10520.85,2,5842.45,0.5617,706.26,98837.7,165.06,4176.72,0,1,1,1,77,0.4385,0,0
APP0154,current,2024-11-20,34144.72,8.8,employed,own,7911.89,2,5111.24,0.4442,0.0,9647.68,125.14,868.8,0,0,0,0,101,0.116,0,0
APP0155,current,2024-12-10,70668.05,8.7,employed,rent,8357.97,0,0.0,0.0,0.0,10511.83,357.57,3041.07,0,0,1,1,217,0.075,0,0
APP0156,current,2024-12-10,21140.57,3.0,employed,rent,2335.71,2,2936.75,0.6801,0.0,13357.77,159.3,4015.49,0,0,0,1,97,0.1928,0,0
APP0157,current,2024-12-13,46197.92,4.1,employed,mortgage,8066.04,1,6964.54,0.5368,1126.56,151695.79,0.0,44421.88,1,1,1,1,154,0.6531,0,1
APP0158,current,2024-12-24,49394.97,6.3,employed,mortgage,7481.76,1,841.76,0.0527,999.97,125545.02,206.28,10568.87,0,0,0,1,258,0.5422,0,0
APP0159,current,2024-12-29,87527.21,5.4,employed,mortgage,8699.27,7,9646.21,0.4342,2053.76,258272.03,0.0,7184.72,0,0,0,1,64,0.5979,1,1
APP0160,current,2024-12-30,139410.84,10.9,employed,rent,30663.69,1,9580.92,0.2597,0.0,14390.86,0.0,14313.55,0,0,0,2,52,0.0305,0,0
